ordem_execucao,caso,tecnica,alocacao,n,T_tecnica,A_alocacao,B_fat1,B_fat2,replica,retentativas,tempo_kernel_ns,perf_task_clock_ms,perf_duration_ns,l1d_loads,l1d_load_misses,branch_instructions,branch_misses,checksum,perf_escala_min_pct
1,2,base,dinamica,1000,1,1,-1,-1,4,0,5962696305,5982.36,5980901367,21058863250,136887607,1021594712,1054766,16251093877953,100.00
2,6,unrolling,dinamica,1000,3,1,NA,1,5,0,5703000354,5723.67,5722384504,19810203199,174742184,273161118,1049054,16251093877953,100.00
3,5,unrolling,estatica,1000,3,-1,NA,1,3,0,4687034303,4708.15,4707058642,15803904187,457682782,271657780,1048263,16251093877953,100.00
4,4,interchange,dinamica,1000,2,1,1,NA,9,0,4505393527,4524.91,4523023741,21056010647,3643562,1019751849,1046472,16251093877953,100.00
5,2,base,dinamica,1000,1,1,-1,-1,7,0,6006642750,6025.58,6024462718,21058993771,133126863,1021677754,1060618,16251093877953,100.00
6,6,unrolling,dinamica,1000,3,1,NA,1,3,0,5844360680,5863.59,5862684315,19810513495,172939747,273335170,1057138,16251093877953,100.00
7,8,tiling,dinamica,1000,4,1,NA,NA,8,0,5344094876,5363.38,5364570845,22252902162,2570640,1116917626,2093317,16251093877953,100.00
8,5,unrolling,estatica,1000,3,-1,NA,1,5,0,4652500127,4672.77,4671422312,15803703264,456987457,271519186,1044435,16251093877953,100.00
9,5,unrolling,estatica,1000,3,-1,NA,1,7,0,4784936522,4805.27,4805571421,15804041616,460550582,271719334,1050820,16251093877953,100.00
10,7,tiling,estatica,1000,4,-1,NA,NA,1,0,4300820906,4321.43,4319724433,18246305147,2578231,1115189640,32085152,16251093877953,100.00
11,5,unrolling,estatica,1000,3,-1,NA,1,4,0,4714501514,4734.64,4733443392,15803851601,459999163,271600069,1048978,16251093877953,100.00
12,4,interchange,dinamica,1000,2,1,1,NA,8,0,4440418537,4460.08,4458968695,21055750522,3728253,1019555360,1047743,16251093877953,100.00
13,1,base,estatica,1000,1,-1,-1,-1,9,0,4583317423,4603.71,4602885082,17051639696,651946752,1019473756,1044402,16251093877953,100.00
14,3,interchange,estatica,1000,2,-1,1,NA,8,0,3242129446,3262.98,3261193892,17048831402,3708068,1017643747,1036536,16251093877953,100.00
15,7,tiling,estatica,1000,4,-1,NA,NA,4,0,4013831672,4033.52,4033272952,18245692346,2541188,1114798434,32078995,16251093877953,100.00
16,2,base,dinamica,1000,1,1,-1,-1,5,0,5447026194,5465.20,5465299025,21057678638,133590059,1020788766,1049564,16251093877953,100.00
17,1,base,estatica,1000,1,-1,-1,-1,4,0,4305907060,4325.39,4324238347,17050911807,649375190,1018967687,1040441,16251093877953,100.00
18,2,base,dinamica,1000,1,1,-1,-1,1,0,5375249241,5394.22,5393071590,21057485179,142414867,1020669471,1048826,16251093877953,100.00
19,6,unrolling,dinamica,1000,3,1,NA,1,7,0,5194171848,5212.93,5211639475,19809103748,177066084,272416076,1047377,16251093877953,100.00
20,5,unrolling,estatica,1000,3,-1,NA,1,1,0,4412516949,4432.20,4432474491,15803221402,457900307,271187444,1044025,16251093877953,100.00
21,2,base,dinamica,1000,1,1,-1,-1,10,0,5295414462,5314.00,5312979773,21057386860,137373388,1020615478,1048311,16251093877953,100.00
22,1,base,estatica,1000,1,-1,-1,-1,1,0,4284471337,4304.34,4303483542,17050925880,649235628,1018981220,1041924,16251093877953,100.00
23,3,interchange,estatica,1000,2,-1,1,NA,5,0,3179483969,3201.10,3201696690,17048764545,3734196,1017596482,1036568,16251093877953,100.00
24,5,unrolling,estatica,1000,3,-1,NA,1,10,0,4432823392,4452.49,4450603402,15803129629,456700453,271080966,1045641,16251093877953,100.00
25,2,base,dinamica,1000,1,1,-1,-1,2,0,5394794703,5413.56,5412027562,21057500256,140471026,1020670776,1050918,16251093877953,100.00
26,8,tiling,dinamica,1000,4,1,NA,NA,2,0,4949020446,4967.85,4966368986,22252124985,2499359,1116421713,2228165,16251093877953,100.00
27,3,interchange,estatica,1000,2,-1,1,NA,3,0,3179803686,3199.68,3197493120,17048764213,4122159,1017606690,1037456,16251093877953,100.00
28,3,interchange,estatica,1000,2,-1,1,NA,10,0,3198143914,3217.83,3217003865,17048781019,2605548,1017606749,1037127,16251093877953,100.00
29,6,unrolling,dinamica,1000,3,1,NA,1,4,0,5366035362,5384.78,5383727663,19809592228,177903180,272752537,1050552,16251093877953,100.00
30,5,unrolling,estatica,1000,3,-1,NA,1,9,0,4399817590,4419.28,4417485877,15803288514,455465913,271245133,1039705,16251093877953,100.00
31,3,interchange,estatica,1000,2,-1,1,NA,9,0,3162049177,3181.86,3180962561,17048707438,3737602,1017564644,1036619,16251093877953,100.00
32,1,base,estatica,1000,1,-1,-1,-1,2,0,4300041762,4318.95,4317925478,17050804104,649559727,1018877418,1039846,16251093877953,100.00
33,8,tiling,dinamica,1000,4,1,NA,NA,1,0,4914214537,4932.64,4931857649,22251993686,2417017,1116324934,2249609,16251093877953,100.00
34,3,interchange,estatica,1000,2,-1,1,NA,4,0,3113458853,3135.72,3134862318,17048571658,3811908,1017473961,1034260,16251093877953,100.00
35,5,unrolling,estatica,1000,3,-1,NA,1,6,0,4262627383,4282.84,4281142429,15802909832,458757457,270983105,1040365,16251093877953,100.00
36,4,interchange,dinamica,1000,2,1,1,NA,5,0,4011601824,4031.37,4033376105,21054838459,3068740,1018977500,1041772,16251093877953,100.00
37,7,tiling,estatica,1000,4,-1,NA,NA,9,0,4035343569,4054.57,4054040133,18245784245,2474344,1114846432,32080822,16251093877953,100.00
38,3,interchange,estatica,1000,2,-1,1,NA,1,0,3271028071,3290.86,3289176298,17048951017,3010287,1017715626,1040031,16251093877953,100.00
39,7,tiling,estatica,1000,4,-1,NA,NA,8,0,4051648199,4071.24,4071806432,18245838566,2452069,1114884952,32086629,16251093877953,100.00
40,7,tiling,estatica,1000,4,-1,NA,NA,7,0,4111490736,4131.59,4130043077,18245869630,2454580,1114882534,32080564,16251093877953,100.00
41,4,interchange,dinamica,1000,2,1,1,NA,1,0,4409352748,4429.74,4428178716,21055642602,3643058,1019445544,1051284,16251093877953,100.00
42,4,interchange,dinamica,1000,2,1,1,NA,6,0,4052888496,4072.25,4070290417,21054943833,3460513,1019056225,1040402,16251093877953,100.00
43,4,interchange,dinamica,1000,2,1,1,NA,2,0,4064157567,4082.41,4080987145,21054906807,3601179,1019010339,1040537,16251093877953,100.00
44,4,interchange,dinamica,1000,2,1,1,NA,10,0,4042178957,4060.71,4059901403,21054947889,3753738,1019051098,1039645,16251093877953,100.00
45,8,tiling,dinamica,1000,4,1,NA,NA,10,0,4939813026,4958.53,4958818039,22251988605,2449293,1116311629,2072549,16251093877953,100.00
46,6,unrolling,dinamica,1000,3,1,NA,1,8,0,5416489197,5434.76,5434387322,19809574179,177054195,272706874,1050050,16251093877953,100.00
47,6,unrolling,dinamica,1000,3,1,NA,1,2,0,5210958845,5229.82,5228733553,19809232786,174441737,272519996,1045876,16251093877953,100.00
48,7,tiling,estatica,1000,4,-1,NA,NA,3,0,3998254539,4018.20,4018053491,18245721005,2503225,1114813916,32074823,16251093877953,100.00
49,7,tiling,estatica,1000,4,-1,NA,NA,5,0,4009162328,4028.51,4026823024,18245771513,2514699,1114849264,32079751,16251093877953,100.00
50,1,base,estatica,1000,1,-1,-1,-1,5,0,4277104901,4296.76,4296130468,17050913240,649459129,1018982014,1040605,16251093877953,100.00
51,6,unrolling,dinamica,1000,3,1,NA,1,1,0,5244409088,5262.67,5261484179,19809302518,174985344,272560874,1048272,16251093877953,100.00
52,5,unrolling,estatica,1000,3,-1,NA,1,8,0,4437375147,4457.17,4456435414,15803309229,455743061,271236643,1050548,16251093877953,100.00
53,1,base,estatica,1000,1,-1,-1,-1,10,0,4285091792,4305.23,4304091551,17050827255,647752057,1018900865,1043902,16251093877953,100.00
54,8,tiling,dinamica,1000,4,1,NA,NA,4,0,4984894786,5003.36,5002515428,22252066064,2606792,1116338600,2200175,16251093877953,100.00
55,4,interchange,dinamica,1000,2,1,1,NA,7,0,4112130221,4131.01,4129938537,21055080078,3461638,1019138086,1040626,16251093877953,100.00
56,8,tiling,dinamica,1000,4,1,NA,NA,3,0,5183714047,5202.44,5201480252,22252559306,2577188,1116657712,2356730,16251093877953,100.00
57,2,base,dinamica,1000,1,1,-1,-1,9,0,5335462219,5353.94,5355106321,21057500109,134568230,1020690246,1046433,16251093877953,100.00
58,1,base,estatica,1000,1,-1,-1,-1,8,0,4239189878,4259.61,4258505617,17050851687,649666189,1018947559,1039044,16251093877953,100.00
59,3,interchange,estatica,1000,2,-1,1,NA,6,0,3132655316,3152.84,3151320594,17048697841,3557217,1017557021,1035934,16251093877953,100.00
60,7,tiling,estatica,1000,4,-1,NA,NA,10,0,4051691599,4071.76,4069997634,18245835278,2569637,1114885164,32072667,16251093877953,100.00
61,3,interchange,estatica,1000,2,-1,1,NA,2,0,3135357173,3154.97,3154717330,17048627392,3632006,1017518058,1034376,16251093877953,100.00
62,6,unrolling,dinamica,1000,3,1,NA,1,6,0,5123677249,5141.76,5140920999,19809043722,177320052,272403426,1045118,16251093877953,100.00
63,4,interchange,dinamica,1000,2,1,1,NA,3,0,4059765855,4078.67,4078417362,21054943428,3554696,1019035873,1043833,16251093877953,100.00
64,6,unrolling,dinamica,1000,3,1,NA,1,9,0,5289813542,5308.11,5308077407,19809479198,175112325,272683784,1047936,16251093877953,100.00
65,2,base,dinamica,1000,1,1,-1,-1,6,0,5345875995,5364.11,5363262511,21057395539,135713697,1020597068,1049524,16251093877953,100.00
66,8,tiling,dinamica,1000,4,1,NA,NA,5,0,4996097410,5014.74,5012816618,22251953796,2513838,1116243660,1906978,16251093877953,100.00
67,4,interchange,dinamica,1000,2,1,1,NA,4,0,4040423946,4058.47,4056504990,21054808646,3435738,1018939598,1041879,16251093877953,100.00
68,5,unrolling,estatica,1000,3,-1,NA,1,2,0,4313961310,4334.22,4333298875,15803011878,459256142,271053847,1042881,16251093877953,100.00
69,2,base,dinamica,1000,1,1,-1,-1,3,0,5196158159,5214.19,5212984409,21057061873,138163888,1020381850,1047736,16251093877953,100.00
70,2,base,dinamica,1000,1,1,-1,-1,8,0,5330390840,5348.70,5347267537,21057469452,130644949,1020662812,1049109,16251093877953,100.00
71,7,tiling,estatica,1000,4,-1,NA,NA,2,0,3958219587,3977.16,3975418300,18245616498,2439449,1114748271,32081366,16251093877953,100.00
72,7,tiling,estatica,1000,4,-1,NA,NA,6,0,3993807145,4013.28,4011663446,18245658910,2455191,1114757013,32081364,16251093877953,100.00
73,8,tiling,dinamica,1000,4,1,NA,NA,9,0,4950495393,4968.84,4970521395,22252086603,2460532,1116375374,2151496,16251093877953,100.00
74,3,interchange,estatica,1000,2,-1,1,NA,7,0,3190835231,3211.23,3210740894,17048695990,3589714,1017537531,1036095,16251093877953,100.00
75,8,tiling,dinamica,1000,4,1,NA,NA,7,0,4867422664,4886.15,4884778936,22251831524,2432722,1116202046,2196921,16251093877953,100.00
76,6,unrolling,dinamica,1000,3,1,NA,1,10,0,5254595738,5272.71,5273388721,19809291281,183954483,272558037,1050973,16251093877953,100.00
77,8,tiling,dinamica,1000,4,1,NA,NA,6,0,5083268481,5102.27,5100548502,22252442575,2587068,1116618456,2361901,16251093877953,100.00
78,1,base,estatica,1000,1,-1,-1,-1,6,0,4347395252,4366.84,4366041651,17051102697,648922507,1019113915,1045121,16251093877953,100.00
79,1,base,estatica,1000,1,-1,-1,-1,3,0,4334975750,4354.83,4353595320,17051014430,652177181,1019055139,1040393,16251093877953,100.00
80,1,base,estatica,1000,1,-1,-1,-1,7,0,4236688305,4257.15,4255723748,17050823605,651523349,1018935538,1039697,16251093877953,100.00
